{
  "instrumentation-client.ts": 1775942365.6760178,
  "instrumentation.ts": 1775942076.8007007,
  "middleware.ts": 1776180889.826093,
  "next-env.d.ts": 1776455255.3072188,
  "next.config.ts": 1776280962.7792294,
  "postcss.config.mjs": 1775872167.3458867,
  "sentry.client.config.ts": 1775944300.3426032,
  "sentry.edge.config.ts": 1775941927.701403,
  "sentry.server.config.ts": 1775941909.8555906,
  "app\\global-error.tsx": 1775941965.4311423,
  "app\\layout.tsx": 1776210220.3001032,
  "app\\page.tsx": 1776350256.303923,
  "app\\robots.ts": 1775998786.2557302,
  "app\\sitemap.ts": 1775998893.2657664,
  "app\\abonnement\\page.tsx": 1776180442.7544613,
  "app\\agent\\page.tsx": 1776177094.5214121,
  "app\\agent\\activate\\page.tsx": 1775953147.0121372,
  "app\\agent\\actualites\\page.tsx": 1775949099.4275868,
  "app\\agent\\calendrier\\page.tsx": 1775932911.9802797,
  "app\\agent\\code\\page.tsx": 1775872167.2794137,
  "app\\agent\\docs\\page.tsx": 1775945769.909792,
  "app\\agent\\espace-pro\\page.tsx": 1776350986.6879568,
  "app\\agent\\hub\\page.tsx": 1776278900.4980567,
  "app\\agent\\mission\\page.tsx": 1775872167.2955432,
  "app\\agent\\paie\\page.tsx": 1775974663.240866,
  "app\\agent\\planning\\page.tsx": 1776280986.2928557,
  "app\\agent\\profil\\page.tsx": 1775979523.8063703,
  "app\\agent\\secu-ai\\page.tsx": 1775945519.0708356,
  "app\\agent\\support\\page.tsx": 1776013802.1323187,
  "app\\agents\\page.tsx": 1776435178.8530931,
  "app\\agents-liste\\page.jsx": 1776461582.1915312,
  "app\\api\\actualites\\feeds\\route.ts": 1775949031.59886,
  "app\\api\\admin\\leads\\route.ts": 1775872167.30362,
  "app\\api\\admin\\login\\route.ts": 1775872167.3056388,
  "app\\api\\admin\\logout\\route.ts": 1775872167.30813,
  "app\\api\\admin\\profiles\\route.ts": 1775986128.3027196,
  "app\\api\\checkout\\route.ts": 1776168377.7684405,
  "app\\api\\docs\\analyze\\route.ts": 1775930741.3572514,
  "app\\api\\docs\\upload\\route.ts": 1775931071.342687,
  "app\\api\\gsc\\route.ts": 1775999759.8579576,
  "app\\api\\notify\\new-lead\\route.ts": 1776033677.4652934,
  "app\\api\\paie\\ocr\\route.ts": 1775972967.5201132,
  "app\\api\\performance-metrics\\route.ts": 1776463004.152642,
  "app\\api\\planning\\import\\route.ts": 1776283726.6837866,
  "app\\api\\provisioning\\audit\\[auditId]\\route.ts": 1776451271.9493868,
  "app\\api\\provisioning\\import\\route.ts": 1776458483.2058382,
  "app\\api\\provisioning\\import-full\\route.js": 1776455160.1865704,
  "app\\api\\webhook\\route.ts": 1776451676.1620796,
  "app\\auth\\callback\\page.tsx": 1776448648.0070086,
  "app\\boss-admin-portal\\page.tsx": 1775872167.3101542,
  "app\\business\\connexion\\page.tsx": 1776350966.4735405,
  "app\\cgv\\page.tsx": 1776255373.1543586,
  "app\\dashboard\\layout.tsx": 1776085027.035282,
  "app\\dashboard\\page.tsx": 1776427697.6170046,
  "app\\dashboard\\components\\MapRadar.tsx": 1775943510.1780849,
  "app\\dashboard-exploitation\\page.tsx": 1776342759.1564558,
  "app\\dashboard-exploitation\\planning-mensuel\\page.tsx": 1776293623.3805504,
  "app\\espace-societe\\page.tsx": 1776350970.7567492,
  "app\\espace-societe\\activate\\page.tsx": 1776286332.919978,
  "app\\espace-societe\\dashboard\\page.tsx": 1776291852.2807767,
  "app\\espace-societe\\support\\page.tsx": 1776289632.6358273,
  "app\\login\\page.tsx": 1776449116.2522452,
  "app\\maintenance\\page.tsx": 1775872167.3231869,
  "app\\mentions-legales\\page.tsx": 1776255366.5389352,
  "app\\performance\\page.tsx": 1776427891.2099938,
  "app\\pro\\listing\\page.tsx": 1775999828.3024652,
  "app\\provisioning\\page.tsx": 1776445511.824108,
  "app\\provisioning\\interface\\page.tsx": 1776438858.8598492,
  "app\\register\\page.tsx": 1776110126.2214506,
  "app\\success\\page.tsx": 1776216382.1736393,
  "components\\AgentActivation.tsx": 1775950856.0829096,
  "components\\AgentAvatar.tsx": 1775914698.1578228,
  "components\\AgentLanding.tsx": 1776201895.6317582,
  "components\\AgentTopBar.tsx": 1776208531.986668,
  "components\\Footer.tsx": 1776255351.0422819,
  "components\\GraphVisualization.tsx": 1776425935.9415176,
  "components\\SecuProLogo.tsx": 1776208507.3388274,
  "components\\ThemeClient.tsx": 1775872167.3299086,
  "components\\TrialBanner.tsx": 1776259260.6140585,
  "components\\VerrouTactique.tsx": 1776181939.1818657,
  "components\\dashboard\\ai-panel.tsx": 1776342605.653901,
  "components\\dashboard\\DownloadTemplate.tsx": 1776440118.9274502,
  "components\\dashboard\\ForceGraphComponent.tsx": 1776449840.0056794,
  "components\\dashboard\\header.tsx": 1776342513.481148,
  "components\\dashboard\\kpi-card.tsx": 1776342498.3326526,
  "components\\dashboard\\live-feed.tsx": 1776342564.6656003,
  "components\\dashboard\\PerformanceDashboard.tsx": 1776450102.4164538,
  "components\\dashboard\\ProvisioningInterface.tsx": 1776460265.138795,
  "components\\dashboard\\ProvisioningUpload.tsx": 1776450284.628675,
  "components\\dashboard\\schedule-grid.tsx": 1776342554.5043905,
  "components\\provisioning\\ProvisioningInterface.jsx": 1776445550.8563938,
  "lib\\agentSession.ts": 1775872167.3299086,
  "lib\\authClient.ts": 1775872167.3299086,
  "lib\\authGuard.ts": 1776046316.0648365,
  "lib\\supabaseClient.ts": 1775872167.3299086,
  "lib\\theme.ts": 1775872167.339998,
  "secupro-app\\next-env.d.ts": 1775923945.871616,
  "secupro-app\\app\\agent\\page.tsx": 1775872872.7112718,
  "secupro-app\\app\\agent\\docs\\page.tsx": 1775872909.2048814,
  "secupro-app\\app\\agent\\droits\\page.tsx": 1775872952.0928497,
  "secupro-app\\app\\agent\\hub\\page.tsx": 1775872167.435213,
  "secupro-app\\app\\agent\\paie\\page.tsx": 1775872167.4372275,
  "secupro-app\\app\\agent\\planning\\page.tsx": 1775872167.4389856,
  "secupro-app\\lib\\supabaseClient.ts": 1775924051.1660054,
  "services\\agentLeadService.ts": 1775872167.3458867,
  "services\\entrepriseService.ts": 1775872167.3458867,
  "services\\rapportService.ts": 1775872167.3458867,
  "services\\signalService.ts": 1775872167.3458867,
  "Nouveau Document texte.txt": 1776162989.6601512,
  "app\\Nouveau Document texte.txt": 1776162417.9542491,
  "app\\pro\\profile\\page.txt": 1776160771.8841648,
  "netlify-prod\\dashboard.html": 1776359146.304259,
  "netlify-prod\\index.html": 1776359092.0699892,
  "netlify-prod\\login.html": 1776359108.4150245,
  "app\\apple-icon.png": 1776208506.8769739,
  "app\\icon.png": 1776208506.7813272,
  "public\\secupro-icon.svg": 1776194277.2816613,
  "public\\secupro-logo-official.png": 1776207060.6546426,
  "public\\secupro-logo.svg": 1776194258.9583774
}